{
  "project_info": {
    "project_number": "251014960618",
    "project_id": "eduflex-38bf5",
    "storage_bucket": "eduflex-38bf5.appspot.com"
  },
  "client": [
    {
      "client_info": {
        "mobilesdk_app_id": "1:251014960618:android:2bb7067bfb3293dd080e93",
        "android_client_info": {
          "package_name": "com.example.eduflex"
        }
      },
      "oauth_client": [],
      "api_key": [
        {
          "current_key": "AIzaSyCmU26sU9rHn3ytTthV6oikmMR927Sl7Jo"
        }
      ],
      "services": {
        "appinvite_service": {
          "other_platform_oauth_client": []
        }
      }
    },
    {
      "client_info": {
        "mobilesdk_app_id": "1:251014960618:android:e24990db93f36f3b080e93",
        "android_client_info": {
          "package_name": "com.example.elearing"
        }
      },
      "oauth_client": [],
      "api_key": [
        {
          "current_key": "AIzaSyCmU26sU9rHn3ytTthV6oikmMR927Sl7Jo"
        }
      ],
      "services": {
        "appinvite_service": {
          "other_platform_oauth_client": []
        }
      }
    }
  ],
  "configuration_version": "1"
}